Fecha:aaaamm,D4,D3,D2,D1,D0,Ano,Average D4,Average D3,Average D2,Average D1,Average D0
198001,16.7612829974454,30.755038319614,40.7749077490775,11.7087709338632,0,1980,38.2131705932444,18.632320938594,21.9912006812376,11.1170549575318,7.17155396406036
198002,84.7005393130854,9.82117513482827,5.47828555208629,0,0,1981,73.2259437978995,10.6845491531838,6.1571577254234,3.99753997539975,4.33106254139465
198003,55.7337496451888,19.6281578200397,23.9710474027817,0.667045131989781,0,1982,30.7022108682625,12.4609707635538,20.6358217428328,10.8666855899328,8.28247705553978
198004,72.6227646891854,25.2057905194437,2.17144479137099,0,0,1983,87.4846248462485,2.48486138707541,3.26781152426909,2.67527675276753,3.05610748415176
198005,43.1592392847005,30.5421515753619,26.2986091399376,0,0,1984,81.2452236948405,4.35235121581985,4.6421137288296,2.72849843883054,4.00227079193868
198006,40.0652852682373,33.8064149872268,24.5529378370707,1.14958841896111,0.425773488504116,1985,67.8328129435141,17.544233134639,11.7347904248273,2.23294540637714,0.631564007947772
198007,29.8041441952881,26.0573374964519,23.1478853250071,17.8682940675561,2.78172012489356,1986,86.1434383574605,7.91465606963762,4.42686157630807,0.884662692780773,0.630381303813038
198008,42.8044280442804,8.30258302583026,30.4144195288107,11.2546125461255,5.00993471473176,1987,61.0819377424543,14.2385750780585,12.6088087803955,6.65152805374207,4.1
198009,12.4042009650866,11.2829974453591,21.1183650298041,22.651149588419,26.0999148453023,1988,61.8542435424354,13.4083167754755,17.9286119784275,4.61609423786546,1.9
198010,26.3837638376384,12.7164348566563,29.2222537609992,19.6707351688902,12.0068123758161,1989,57.3706121676601,13.3184312612357,14.5094143249125,5.67697984672155,4.47771785410162
198011,16.6051660516605,9.43797899517457,13.6389440817485,24.1555492478002,28.2855520862901,1990,87.8855615479232,8.29075598448293,3.13298325290946,0.496735736588135,0.193963478096319
198012,17.513482827136,6.03179108714164,23.1053079761567,34.728924212319,18.6204938972467,1991,59.7584918156874,9.93353202762797,16.2976629766298,7.71123095846343,5.71719178730249
198101,91.3567981833665,8.64320181663355,0,0,0,1992,58.6053552843221,5.74321127826663,16.7,10.3,6.5
198102,72.6653420380358,15.6400794777179,11.4533068407607,0.241271643485666,0,1993,78.1956665720504,12.0777746239001,8.2339861860157,1.25011827041347,0.242454347620399
198103,100,0,0,0,0,1994,33.4705270129624,14.8523985239852,28.9868956381872,8.54385466931592,8.37472797804901
198104,99.3329548680102,0.667045131989781,0,0,0,1995,47.144952218753,12.4526918346106,20.3602516794399,10.9908695240798,6.22102374869903
198105,100,0,0,0,0,1996,30.4333427949664,14.2243826284417,17.7985145236068,12.3344214211373,12.9730816538935
198106,99.9716151007664,0.028384899233608,0,0,0,1997,49.5233702337023,11.1517172864036,28.5930551613209,7.58941243258587,2.24832056012868
198107,93.0315072381493,3.59068975305138,3.26426341186489,0.113539596934431,0,1998,46.1479326331725,12.340334941811,24.3270413473365,11.5242690888447,4.60781530892232
198108,34.2179960261141,13.5112120351973,18.4076071529946,9.32443939824014,13.1422083451604,1999,13.2202668180528,5.58118081180812,13.6034629577065,12.0422934998581,22.9622007758539
198109,60.0056769798467,28.2713596366733,11.1126880499574,0.610275333522566,0,2000,29.3795534109187,2.81601854480083,9.14703377803009,10.1606112214968,20.9740751253666
198110,62.1203519727505,30.0879931876242,7.64973034345728,0.141924496168039,0,2001,56.8797899517457,18.379222253761,15.9333901031318,6.91054025924875,1.9
198111,66.0090831677548,24.6380925347715,9.35282429747374,0,0,2002,26.3553789384048,12.8583593528243,31.314457375343,12.2031412621818,9.1754186772637
198112,0,3.13653136531365,12.6454726085722,37.5390292364462,38.8305421515754,2003,57.4167376289147,20.1722017220172,16.1273535812281,2.31810010407796,1.73502696565428
198201,67.4567130286687,32.5432869713313,0,0,0,2004,71.150298041442,12.1629293216009,11.5017977102848,3.72196991200681,1.28559939445548
198202,0,4.92478001703094,70.1248935566279,24.9503264263412,0,2005,49.9207588229728,9.21089980130571,16.9516983631375,8.00454158387737,6.5
198203,25.830258302583,15.1575361907465,25.5322168606301,20.1107011070111,13.3692875390292,2006,43.5850127732047,7.84251111741887,12.9257734885041,14.5318857034724,11.5006150061501
198204,13.7950610275334,26.2844166903208,51.518592108998,6.79818336644905,1.60374680669884,2007,53.4795155643864,17.58444507522,20.0503831961397,6.08737818147412,2.6634497114202
198205,83.2671019017883,15.6684643769515,1.06443372126029,0,0,2008,47.4382628441669,19.7925536947677,12.6017125555871,2.16671397483205,7.76800075693065
198206,0,0.3690036900369,21.2602895259722,33.9625319330116,27.7036616520011,2009,43.001939634781,17.8257167187057,26.6238527769893,7.82713596366733,3.26899422840383
198207,48.8362191314221,12.517740562021,27.4340051092819,10.4740278172013,0.738007380073801,2010,56.6574415744157,9.17778408553316,12.0706783990917,9.83536758444507,7.29491910303719
198208,33.721260289526,11.141072949191,21.4589838206074,14.6040306556912,12.9009367016747,2011,31.6503453496074,7.65209575172675,16.4644242596272,19.9096414041064,8.8135112120352
198209,27.2353108146466,19.0036900369004,29.0519443655975,9.57990349134261,9.1825149020721,2012,40.6767433058946,17.8008799318762,24.5328318667802,10.3037184217996,4.97800170309395
198210,0,0,0.18450184501845,9.9205222821459,33.8915696849276,2013,41.3083073138424,14.8027249503264,26.37666761283,9.92880121108904,5.19207115148075
198211,88.0783423218848,11.9216576781152,0,0,0,2014,40.0913047592014,7.30201532784559,18.3330967925064,12.317863563251,12.7649257261803
198212,100,0,0,0,0,2015,81.3073611505346,8.73781814741225,8.45515185921089,1.00648121865834,0.4
198301,100,0,0,0,0,2016,46.8362664395875,15.9700539313086,22.0550667045132,9.23928470053931,5.07380073800738
198302,100,0,0,0,0,2017,39.8772353108146,15.0723814930457,18.7766108430315,12.2977575929605,10.3060838300691
198303,100,0,0,0,0,2018,50.5475920143817,9.92525309868484,13.2309111552654,7.64145141451415,7.71596177500237
198304,99.9006528526824,0.099347147317627,0,0,0,2019,70.4666950515659,8.97790708676318,12.1321790140978,2.72968114296528,2.23531081464661
198305,94.3088277036617,1.17797331819472,3.95969344308828,0.539313085438547,0.014192449616804,2020,45.5435708203236,8.74609707635538,11.8424165010881,4.14064717570252,9.72655880404958
198306,0.865739426625036,5.05251206358217,22.6085722395686,26.6534203803577,32.8413284132841,2021,16.8819188191882,17.6837922225376,35.2079193868862,13.5218563724099,11.0949474879364
198307,70.550667045132,17.7547544706216,9.15413000283849,2.18563724098779,0.354811240420097,,,,,,
198308,87.0281010502413,2.89525972182799,3.49134260573375,2.72495032642634,3.46295770650014,,,,,,
198309,97.1615100766392,2.83848992336077,0,0,0,,,,,,
198310,100,0,0,0,0,,,,,,
198311,100,0,0,0,0,,,,,,
198312,100,0,0,0,0,,,,,,
198401,97.3885892705081,2.11467499290378,0.496735736588135,0,0,,,,,,
198402,21.1467499290378,11.8790803292648,24.8651717286404,14.3627590122055,13.0002838489923,,,,,,
198403,0,0.042577348850412,7.3658813511212,18.379222253761,35.0269656542719,,,,,,
198404,100,0,0,0,0,,,,,,
198405,98.8220266818053,0.851546977008232,0.326426341186489,0,0,,,,,,
198406,98.0272495032643,1.24893556627874,0.723814930456997,0,0,,,,,,
198407,100,0,0,0,0,,,,,,
198408,100,0,0,0,0,,,,,,
198409,48.2685211467499,34.0618790803293,17.6695997729208,0,0,,,,,,
198410,93.7978995174567,1.94436559750213,4.25773488504116,0,0,,,,,,
198411,99.9148453022992,0.085154697700823,0,0,0,,,,,,
198412,100,0,0,0,0,,,,,,
198501,94.1669032074936,5.70536474595515,0.127732046551235,0,0,,,,,,
198502,99.276185069543,0.695430031223389,0.028384899233608,0,0,,,,,,
198503,69.9829690604598,13.8518308260006,15.8813511212035,0.283848992336077,0,,,,,,
198504,95.5719557195572,2.86687482259438,1.56116945784842,0,0,,,,,,
198505,50.581890434289,12.0210048254329,27.7320465512347,8.55804711893273,1.1070110701107,,,,,,
198506,61.2829974453591,19.755889866591,7.94777178541016,9.48055634402498,1.53278455861482,,,,,,
198507,46.7215441385183,37.7944933295487,14.760147601476,0.723814930456997,0,,,,,,
198508,18.8049957422651,30.9537326142492,39.8240136247516,5.19443655975021,4.93897246664774,,,,,,
198509,52.5830258302583,28.4132841328413,16.4490491058757,2.55464093102469,0,,,,,,
198510,100,0,0,0,0,,,,,,
198511,100,0,0,0,0,,,,,,
198512,25.0212886744252,58.4728924212319,16.5058189043429,0,0,,,,,,
198601,17.0309395401646,58.3025830258303,24.5529378370707,0.113539596934431,0,,,,,,
198602,100,0,0,0,0,,,,,,
198603,89.3130854385467,5.36474595515186,5.32216860630145,0,0,,,,,,
198604,76.4547260857224,5.16605166051661,13.241555492478,4.85381776894692,0.283848992336077,,,,,,
198605,87.8512631280159,2.00113539596934,2.85268237297758,2.69656542719273,4.59835367584445,,,,,,
198606,92.8753902923645,0.610275333522566,0.879931876241839,2.9520295202952,2.68237297757593,,,,,,
198607,96.7641214873687,3.23587851263128,0,0,0,,,,,,
198608,99.2903775191598,0.638660232756174,0.070962248084019,0,0,,,,,,
198609,84.1044564291797,13.3550950894124,2.54044848140789,0,0,,,,,,
198610,99.0491058756741,0.908316775475447,0.042577348850412,0,0,,,,,,
198611,91.0019869429464,5.37893840476866,3.61907465228498,0,0,,,,,,
198612,99.9858075503832,0.014192449616804,0,0,0,,,,,,
198701,56.0175986375248,35.4669315923929,8.51546977008232,0,0,,,,,,
198702,91.6832245245529,3.690036900369,4.62673857507806,0,0,,,,,,
198703,54.5699687766108,28.3565143343741,15.2001135395969,1.87340334941811,0,,,,,,
198704,90.8174850979279,1.53278455861482,5.18024411013341,2.46948623332387,0,,,,,,
198705,99.8438830542152,0.156116945784842,0,0,0,,,,,,
198706,78.7539029236446,16.6335509508941,4.61254612546126,0,0,,,,,,
198707,5.86148169173999,6.03179108714164,17.1728640363327,23.8291229066137,32.1742832812944,,,,,,
198708,69.5855804711893,23.1478853250071,6.94010786261709,0.326426341186489,0,,,,,,
198709,30.9821175134828,14.5046835083735,32.3587851263128,13.7524836786829,7.97615668464377,,,,,,
198710,38.2628441669032,6.64206642066421,17.6695997729208,27.9023559466364,9.52313369287539,,,,,,
198711,20.5222821458984,30.7834232188476,39.0292364462106,9.66505818904343,0,,,,,,
198712,96.0828839057622,3.91711609423787,0,0,0,,,,,,
198801,85.097927902356,13.5537893840477,1.34828271359637,0,0,,,,,,
198802,8.37354527391428,19.3443088277037,69.9120068123758,2.37013908600625,0,,,,,,
198803,76.5398807834232,16.931592392847,6.42917967641215,0.099347147317627,0,,,,,,
198804,100,0,0,0,0,,,,,,
198805,67.1870564859495,12.0635821742833,14.0789100198694,6.67045131989782,0,,,,,,
198806,34.728924212319,41.6264547260857,23.5310814646608,0.113539596934431,0,,,,,,
198807,98.1124042009651,1.14958841896111,0.652852682372978,0.085154697700823,0,,,,,,
198808,65.1291512915129,10.9423786545558,11.7087709338632,8.10388873119501,2.71075787680954,,,,,,
198809,8.99801305705365,3.25007096224808,50.5676979846722,24.4535906897531,10.7436843599205,,,,,,
198810,82.8697133125178,16.8038603462958,0.326426341186489,0,0,,,,,,
198811,37.7803008799319,16.9741697416974,22.2821458983821,13.4970195855805,9.46636389440818,,,,,,
198812,77.4340051092819,8.26000567697985,14.3059892137383,0,0,,,,,,
198901,100,0,0,0,0,,,,,,
198902,47.0621629293216,16.0232756173716,17.1019017882487,15.6400794777179,4.17258018734034,,,,,,
198903,77.9449332954868,9.67925063866023,10.0766392279307,1.85921089980131,0.43996593812092,,,,,,
198904,30.8827703661652,28.4842463809254,15.3278455861482,7.52199829690605,17.1870564859495,,,,,,
198905,79.0235594663639,8.75674141356798,8.57223956854953,2.05790519443656,1.34828271359637,,,,,,
198906,31.1382344592677,19.5855804711893,25.1915980698269,14.547260857224,7.38007380073801,,,,,,
198907,78.3990916832245,18.3366449049106,3.26426341186489,0,0,,,,,,
198908,93.3153562304854,5.27959125745104,1.31989781436276,0.085154697700823,0,,,,,,
198909,0,0.014192449616804,6.95430031223389,18.0386034629577,22.2963383479989,,,,,,
198910,45.7422651149588,9.97729208061311,41.5129151291513,2.76752767527675,0,,,,,,
198911,44.0959409594096,26.4973034345728,24.9077490774908,4.49900652852682,0,,,,,,
198912,60.8430315072382,17.1870564859495,19.8836219131422,1.1070110701107,0.908316775475447,,,,,,
199001,90.5620210048254,6.34402497871133,3.09395401646324,0,0,,,,,,
199002,85.0837354527391,10.999148453023,3.91711609423787,0,0,,,,,,
199003,68.3650298041442,14.5614533068408,8.85608856088561,5.8898665909736,2.32756173715583,,,,,,
199004,56.9826852114675,38.1067272211184,4.91058756741414,0,0,,,,,,
199005,69.2165767811524,18.7624183934147,12.0210048254329,0,0,,,,,,
199006,95.9977292080613,3.64745955151859,0.354811240420097,0,0,,,,,,
199007,100,0,0,0,0,,,,,,
199008,97.1189327277888,0.950894124325859,1.85921089980131,0.070962248084019,0,,,,,,
199009,99.8722679534488,0.127732046551235,0,0,0,,,,,,
199010,96.9344308827704,3.00879931876242,0.056769798467215,0,0,,,,,,
199011,96.6647743400511,1.80244110133409,1.53278455861482,0,0,,,,,,
199012,97.828555208629,1.17797331819472,0.99347147317627,0,0,,,,,,
199101,97.5163213170593,2.48367868294068,0,0,0,,,,,,
199102,99.4323020153279,0.567697984672154,0,0,0,,,,,,
199103,100,0,0,0,0,,,,,,
199104,0.879931876241839,6.03179108714164,30.6556911722963,34.2179960261141,27.9733181947204,,,,,,
199105,87.8512631280159,9.90632983252909,1.53278455861482,0.709622480840193,0,,,,,,
199106,53.2074936133977,14.9872267953449,14.3059892137383,9.1825149020721,8.31677547544706,,,,,,
199107,7.79165483962532,11.2971898949759,63.894408174851,13.6957138802157,3.3210332103321,,,,,,
199108,3.60488220266818,15.3704229349986,27.1217712177122,24.5387453874539,23.0201532784559,,,,,,
199109,50.8515469770082,18.8191881918819,15.413000283849,8.54385466931593,5.97502128867443,,,,,,
199110,26.2560317910871,29.8041441952881,42.2934998580755,1.64632415554925,0,,,,,,
199111,89.7104740278172,9.9347147317627,0.354811240420097,0,0,,,,,,
199112,100,0,0,0,0,,,,,,
199201,100,0,0,0,0,,,,,,
199202,100,0,0,0,0,,,,,,
199203,100,0,0,0,0,,,,,,
199204,100,0,0,0,0,,,,,,
199205,99.7871132557479,0.212886744252058,0,0,0,,,,,,
199206,4.91058756741414,8.26000567697985,19.897814362759,25.6031791087142,25.9721827987511,,,,,,
199207,14.618223105308,9.65086573942663,28.4274765824581,23.2472324723247,20.2526256031791,,,,,,
199208,44.6778313936986,12.4893556627874,25.035481124042,13.9227930740846,3.59068975305138,,,,,,
199209,31.5214305989214,7.22395685495316,26.483110984956,16.2219699120068,13.6957138802157,,,,,,
199210,9.79279023559466,18.3650298041442,43.0173147885325,21.2319046267386,7.13880215725234,,,,,,
199211,1.31989781436276,9.35282429747374,58.1322736304286,23.9142776043145,7.28072665342038,,,,,,
199212,96.6363894408175,3.36361055918252,0,0,0,,,,,,
199301,100,0,0,0,0,,,,,,
199302,100,0,0,0,0,,,,,,
199303,52.8668748225944,23.3465796196424,21.274481975589,2.51206358217428,0,,,,,,
199304,77.8030087993188,4.74027817201249,6.9826852114675,7.97615668464377,2.49787113255748,,,,,,
199305,100,0,0,0,0,,,,,,
199306,73.3323871700256,19.9403917116094,6.72722111836503,0,0,,,,,,
199307,50.7380073800738,33.3664490491059,15.8955435708203,0,0,,,,,,
199308,41.0019869429464,21.4022140221402,32.6710190178825,4.51319897814363,0.411581038887312,,,,,,
199309,84.8992336077207,12.6880499574227,2.41271643485666,0,0,,,,,,
199310,91.172296338348,8.26000567697985,0.567697984672154,0,0,,,,,,
199311,100,0,0,0,0,,,,,,
199312,66.5342038035765,21.1893272778882,12.2764689185353,0,0,,,,,,
199401,0,4.79704797047971,73.374964518876,21.7570252625603,0.070962248084019,,,,,,
199402,20.6358217428328,31.0672722111837,48.2969060459835,0,0,,,,,,
199403,12.659665058189,20.4938972466648,34.9701958558047,17.3999432302015,14.4762986091399,,,,,,
199404,16.5342038035765,28.1436275901221,28.9809821175135,14.3485665625887,9.67925063866023,,,,,,
199405,29.1512915129151,26.1708770933863,28.796480272495,8.18904342889583,6.9684927618507,,,,,,
199406,84.3599205222822,7.91938688617655,7.7206925915413,0,0,,,,,,
199407,0,0.709622480840193,11.8932727788816,15.0298041441953,37.7519159806983,,,,,,
199408,2.46948623332387,5.57763269940392,21.9557195571956,14.9588418961113,25.6599489071814,,,,,,
199409,31.3227363042861,20.8912858359353,33.6644904910588,6.89753051376668,4.99574226511496,,,,,,
199410,6.89753051376668,30.3008799318762,57.961964235027,3.94550099347147,0.894124325858643,,,,,,
199411,97.615668464377,2.15725234175419,0.227079193868862,0,0,,,,,,
199412,100,0,0,0,0,,,,,,
199501,91.2290661368152,7.63553789384048,1.13539596934431,0,0,,,,,,
199502,97.686630712461,2.31336928753903,0,0,0,,,,,,
199503,69.7133125177406,23.658813511212,6.6278739710474,0,0,,,,,,
199504,80.9395401646324,13.9795628725518,4.62673857507806,0.454158387737724,0,,,,,,
199505,38.787964802725,24.6948623332387,24.0845869997162,10.34629577065,2.08629009367017,,,,,,
199506,5.80471189327278,1.39086006244678,18.1379506102753,32.8839057621345,25.4470621629293,,,,,,
199507,0.212886744252058,1.54697700823162,21.0474027817201,28.8390576213454,30.7266534203804,,,,,,
199508,25.759296054499,18.1521430598921,43.5992052228215,10.7578768095373,1.73147885325007,,,,,,
199509,57.1246097076355,19.1598069826852,19.897814362759,3.81776894692024,0,,,,,,
199510,15.7252341754187,23.0485381776895,41.6974169741697,14.5046835083735,5.02412716434857,,,,,,
199511,82.7561737155833,7.93357933579336,8.51546977008232,0.794777178541016,0,,,,,,
199512,0,5.91825149020721,54.9531649162646,29.4919103037184,9.63667328980982,,,,,,
199601,0,0,26.6959977292081,48.2685211467499,25.035481124042,,,,,,
199602,17.3431734317343,11.581038887312,60.2895259721828,10.7862617087709,0,,,,,,
199603,1.07862617087709,1.19216576781152,15.8813511212035,28.6687482259438,48.4672154413852,,,,,,
199604,0,4.3996593812092,17.2864036332671,35.5378938404769,40.7181379506103,,,,,,
199605,1.43343741129719,7.97615668464377,14.3627590122055,9.22509225092251,21.5725234175419,,,,,,
199606,60.5591825149021,7.09622480840193,8.77093386318479,2.54044848140789,5.00993471473176,,,,,,
199607,84.2321884757309,8.77093386318479,4.83962531933012,1.27732046551235,0.752199829690605,,,,,,
199608,50.2554640931025,25.9721827987511,19.8126596650582,3.95969344308828,0,,,,,,
199609,81.4362759012206,13.3550950894124,4.4280442804428,0.780584728924212,0,,,,,,
199610,47.2324723247233,32.6710190178825,19.9403917116094,0.156116945784842,0,,,,,,
199611,21.5583309679251,56.9826852114675,19.3868861765541,2.07209764405336,0,,,,,,
199612,0.070962248084019,0.695430031223389,1.88759579903491,4.74027817201249,14.1214873687198,,,,,,
199701,2.28498438830542,7.53619074652285,70.0681237581607,18.4927618506954,1.61793925631564,,,,,,
199702,0.411581038887312,7.43684359920522,79.6764121487369,12.4751632131706,0,,,,,,
199703,27.2353108146466,31.3936985523701,26.3269940391712,9.82117513482827,5.09508941243259,,,,,,
199704,96.89185353392,2.85268237297758,0.25546409310247,0,0,,,,,,
199705,80.8827703661652,4.86801021856372,11.2404200965087,2.72495032642634,0.283848992336077,,,,,,
199706,52.5262560317911,12.7590122055067,32.0749361339767,2.49787113255748,0.141924496168039,,,,,,
199707,9.13993755322169,10.34629577065,32.4723247232472,20.2384331535623,17.2012489355663,,,,,,
199708,55.790519443656,12.4325858643202,22.8924212319046,7.01107011070111,1.87340334941811,,,,,,
199709,60.0766392279307,17.8966789667897,19.173999432302,2.48367868294068,0.3690036900369,,,,,,
199710,17.8257167187056,18.0669883621913,48.3820607436844,15.3278455861482,0.397388589270508,,,,,,
199711,91.2148736871984,8.23162077774624,0.553505535055351,0,0,,,,,,
199712,100,0,0,0,0,,,,,,
199801,6.68464376951462,7.87680953732614,37.0564859494749,29.378370706784,13.9795628725518,,,,,,
199802,100,0,0,0,0,,,,,,
199803,99.9716151007664,0.028384899233608,0,0,0,,,,,,
199804,39.8240136247516,27.4340051092819,29.9034913426057,2.83848992336077,0,,,,,,
199805,22.2253760999148,15.7961964235027,37.6383763837638,13.894408174851,6.9826852114675,,,,,,
199806,99.2336077206926,0.766392279307409,0,0,0,,,,,,
199807,78.2855520862901,3.88873119500426,8.58643201816634,8.68577916548396,0.553505535055351,,,,,,
199808,42.1941527107579,24.7942094805563,23.5310814646608,4.96735736588135,2.69656542719273,,,,,,
199809,37.0139086006245,12.7448197558899,27.6043145046835,10.0340618790803,10.7862617087709,,,,,,
199810,0.965086573942663,12.5461254612546,54.1300028384899,29.4067556060176,2.9520295202952,,,,,,
199811,16.6477434005109,36.687482259438,40.0936701674709,6.57110417258019,0,,,,,,
199812,10.7294919103037,5.5208629009367,33.3806414987227,32.5149020720977,17.3431734317343,,,,,,
199901,0.326426341186489,1.66051660516605,5.22282145898382,13.5679818336645,33.5083735452739,,,,,,
199902,4.95316491626455,1.02185637240988,2.35594663638944,8.20323587851263,15.8955435708203,,,,,,
199903,2.51206358217428,1.39086006244678,2.76752767527675,2.9236446210616,19.684927618507,,,,,,
199904,45.6287255180244,11.8506954300312,22.1544138518308,11.2546125461255,8.35935282429747,,,,,,
199905,0,0,8.71416406471757,24.893556627874,54.8822026681805,,,,,,
199906,43.4714731762702,17.1160942378655,25.7876809537326,12.7873971047403,0.837354527391428,,,,,,
199907,53.6474595515186,12.9009367016747,25.2909452171445,4.68350837354527,2.17144479137099,,,,,,
199908,2.55464093102469,4.85381776894692,24.0845869997162,16.349701958558,32.7277888163497,,,,,,
199909,5.54924780017031,8.4445075219983,33.0258302583026,31.8478569401079,17.8257167187056,,,,,,
199910,0,7.73488504115811,13.8376383763838,11.9216576781152,46.7073516889015,,,,,,
199911,0,0,0,0,12.0635821742833,,,,,,
199912,0,0,0,6.07436843599205,30.8827703661652,,,,,,
200001,0,0,0,0,26.6818052795913,,,,,,
200002,0.454158387737724,0.43996593812092,0.879931876241839,1.1070110701107,25.4896395117797,,,,,,
200003,64.6324155549248,11.72296338348,13.6673289809821,5.73374964518876,2.98041441952881,,,,,,
200004,1.90178824865172,2.35594663638944,11.6236162361624,26.8663071246097,42.6625035481124,,,,,,
200005,0.042577348850412,2.41271643485666,30.0596082883906,30.3860346295771,17.002554640931,,,,,,
200006,96.4376951461822,2.37013908600625,1.1070110701107,0.085154697700823,0,,,,,,
200007,3.44876525688334,3.00879931876242,31.03888731195,21.5157536190747,14.8736871984104,,,,,,
200008,2.01532784558615,2.10048254328697,12.5035481124042,12.2622764689185,27.4481975588987,,,,,,
200009,0,0.042577348850412,1.66051660516605,2.89525972182799,27.277888163497,,,,,,
200010,86.3468634686347,6.6136815214306,7.03945500993472,0,0,,,,,,
200011,97.2750496735737,2.72495032642634,0,0,0,,,,,,
200012,0,0,0.18450184501845,21.0757876809537,67.2722111836503,,,,,,
200101,60.9423786545558,25.5606017598638,11.5526539880783,1.94436559750213,0,,,,,,
200102,38.929889298893,48.9071813795061,12.1629293216009,0,0,,,,,,
200103,51.9301731478853,29.2506386602328,18.6488787964803,0.170309395401646,0,,,,,,
200104,88.8163497019586,11.1836502980414,0,0,0,,,,,,
200105,65.3704229349986,29.6054499006529,5.02412716434857,0,0,,,,,,
200106,98.3252909452172,1.39086006244678,0.283848992336077,0,0,,,,,,
200107,84.516037468067,9.9347147317627,5.54924780017031,0,0,,,,,,
200108,84.6153846153846,10.1476014760148,5.23701390860063,0,0,,,,,,
200109,3.25007096224808,15.7252341754187,33.8489923360772,36.3752483678683,10.3037184217996,,,,,,
200110,87.0139086006245,12.1061595231337,0.879931876241839,0,0,,,,,,
200111,0.567697984672154,12.1629293216009,68.4785694010786,18.7908032926483,0,,,,,,
200112,18.2798751064434,14.5756457564576,29.5344876525688,25.6457564575646,11.9642350269657,,,,,,
200201,0,0.156116945784842,79.1370990632983,19.173999432302,1.53278455861482,,,,,,
200202,63.9795628725518,8.11808118081181,9.84956003406188,3.44876525688334,4.413851830826,,,,,,
200203,0.298041441952881,9.60828839057621,47.104740278172,14.7459551518592,15.6684643769515,,,,,,
200204,1.26312801589554,6.11694578484246,22.3956854953165,32.202668180528,23.2756173715583,,,,,,
200205,0,0.596082883905762,14.5046835083735,29.2080613113823,34.516037468067,,,,,,
200206,0,4.71189327277888,23.587851263128,14.4621061595231,19.9403917116094,,,,,,
200207,27.859778597786,44.3372126028953,21.7996026114107,5.12347431166619,0.879931876241839,,,,,,
200208,64.3059892137383,9.28186204938973,14.6324155549248,3.36361055918252,7.28072665342038,,,,,,
200209,53.3210332103321,26.2134544422367,19.4436559750213,1.02185637240988,0,,,,,,
200210,3.22168606301448,15.0298041441953,62.2196991200681,16.931592392847,2.59721827987511,,,,,,
200211,13.1138234459268,20.0397388589271,60.0908316775475,6.75560601759864,0,,,,,,
200212,88.9015043996594,10.0908316775475,1.00766392279307,0,0,,,,,,
200301,0.3690036900369,9.65086573942663,78.7397104740278,10.8288390576213,0.411581038887312,,,,,,
200302,79.5061027533352,18.8901504399659,1.60374680669884,0,0,,,,,,
200303,74.2974737439682,23.2046551234743,2.49787113255748,0,0,,,,,,
200304,69.9829690604598,23.4885041158104,6.52852682372978,0,0,,,,,,
200305,39.2279307408459,59.1541300028385,1.61793925631564,0,0,,,,,,
200306,38.206074368436,37.0990632983253,23.4743116661936,1.22055066704513,0,,,,,,
200307,58.4870848708487,21.345444223673,17.1728640363327,2.24240703945501,0.738007380073801,,,,,,
200308,84.2889582741981,8.77093386318479,3.91711609423787,1.24893556627874,1.41924496168039,,,,,,
200309,83.2812943514051,6.31564007947772,5.8898665909736,2.15725234175419,1.90178824865172,,,,,,
200310,93.1166619358501,2.61141072949191,3.2926483110985,0.681237581606585,0.298041441952881,,,,,,
200311,66.9599772920806,15.8671586715867,17.1728640363327,0,0,,,,,,
200312,1.27732046551235,15.6684643769515,31.620777746239,9.43797899517457,16.0516605166052,,,,,,
200401,66.3213170593244,24.3684359920522,9.31024694862333,0,0,,,,,,
200402,53.548112404201,30.7266534203804,15.7252341754187,0,0,,,,,,
200403,100,0,0,0,0,,,,,,
200404,100,0,0,0,0,,,,,,
200405,33.1251774056202,11.7087709338632,30.4569968776611,14.8027249503264,8.26000567697985,,,,,,
200406,53.3494181095657,20.3235878512631,25.9437978995175,0.383196139653704,0,,,,,,
200407,95.2597218279875,3.76099914845302,0.979279023559466,0,0,,,,,,
200408,28.0158955435708,22.4382628441669,23.3323871700255,18.6204938972467,7.11041725801873,,,,,,
200409,61.0843031507238,7.56457564575646,20.4938972466648,10.8004541583877,0.056769798467215,,,,,,
200410,80.4995742265115,9.35282429747374,10.0908316775475,0.056769798467215,0,,,,,,
200411,88.5608856088561,9.99148453022992,1.44762986091399,0,0,,,,,,
200412,94.0391711609424,5.71955719557196,0.241271643485666,0,0,,,,,,
200501,100,0,0,0,0,,,,,,
200502,100,0,0,0,0,,,,,,
200503,72.4524552937837,26.5682656826568,0.979279023559466,0,0,,,,,,
200504,81.7485097927902,10.9423786545558,7.13880215725234,0.170309395401646,0,,,,,,
200505,99.7871132557479,0.212886744252058,0,0,0,,,,,,
200506,43.9114391143911,10.7294919103037,26.412148736872,9.77859778597786,7.43684359920522,,,,,,
200507,19.3017314788533,24.2265114958842,39.724666477434,9.79279023559466,5.97502128867443,,,,,,
200508,59.3528242974737,22.2537609991485,17.7121771217712,0.681237581606585,0,,,,,,
200509,0,2.15725234175419,44.6920238433154,24.7942094805563,16.5909736020437,,,,,,
200510,22.4950326426341,11.9784274765825,47.8853250070962,16.2219699120068,1.41924496168039,,,,,,
200511,0,0,3.6758444507522,20.9906329832529,24.4535906897531,,,,,,
200512,0,1.4618223105308,15.2001135395969,13.6247516321317,22.6795344876526,,,,,,
200601,0,0,1.54697700823162,17.5702526256032,29.8892988929889,,,,,,
200602,0,0,2.02952029520295,37.0422934998581,23.9000851546977,,,,,,
200603,11.793925631564,10.4314504683508,34.5444223673006,27.4481975588987,9.77859778597786,,,,,,
200604,6.95430031223389,5.76213454442237,22.6795344876526,29.1512915129151,27.3630428611978,,,,,,
200605,12.4042009650866,3.84615384615385,16.2219699120068,25.1632131705932,29.3074084587,,,,,,
200606,95.444223673006,2.04371274481976,2.10048254328697,0.411581038887312,0,,,,,,
200607,97.8427476582458,2.15725234175419,0,0,0,,,,,,
200608,85.6798183366449,9.25347715015612,5.02412716434857,0.042577348850412,0,,,,,,
200609,100,0,0,0,0,,,,,,
200610,88.0499574226512,7.01107011070111,4.93897246664774,0,0,,,,,,
200611,14.107294919103,18.9327277888164,39.7530513766676,18.3508373545274,8.65739426625036,,,,,,
200612,10.7436843599205,34.6721544138518,26.2702242407039,19.2023843315356,9.11155265398808,,,,,,
200701,60.5166051660517,15.4555776326994,24.0278172012489,0,0,,,,,,
200702,0.056769798467215,4.95316491626455,39.1001986942946,43.1450468350837,12.7448197558899,,,,,,
200703,35.6656258870281,38.9582741981266,25.3760999148453,0,0,,,,,,
200704,43.1308543854669,41.2290661368152,15.6400794777179,0,0,,,,,,
200705,37.4964518875958,18.8049957422651,19.4436559750213,9.89213738291229,13.4686346863469,,,,,,
200706,44.5926766959977,19.3868861765541,28.9525972182799,3.61907465228498,2.72495032642634,,,,,,
200707,96.5086573942663,3.49134260573375,0,0,0,,,,,,
200708,67.726369571388,22.6085722395686,9.66505818904343,0,0,,,,,,
200709,100,0,0,0,0,,,,,,
200710,14.2634118648879,12.4325858643202,55.932443939824,14.3485665625887,3.02299176837922,,,,,,
200711,42.0238433153562,33.4657961964235,22.4666477434005,2.04371274481976,0,,,,,,
200712,99.7729208061311,0.227079193868862,0,0,0,,,,,,
200801,58.8844734601192,41.1155265398808,0,0,0,,,,,,
200802,7.87680953732614,36.616520011354,55.5066704513199,0,0,,,,,,
200803,0,0,10.8856088560886,9.99148453022992,48.7794493329549,,,,,,
200804,0,0,0.056769798467215,0.581890434288958,20.6783990916832,,,,,,
200805,20.7067839909168,15.7110417258019,18.5069543003122,11.5242690888447,20.7777462390009,,,,,,
200806,65.9239284700539,16.7470905478286,10.6017598637525,2.88106727221118,2.85268237297758,,,,,,
200807,99.6877661084303,0.312233891569685,0,0,0,,,,,,
200808,99.8013057053648,0.198694294635254,0,0,0,,,,,,
200809,81.5356230485382,13.0712460970764,5.39313085438547,0,0,,,,,,
200810,48.9923360772069,23.6730059608288,26.1850695430031,1.02185637240988,0.127732046551235,,,,,,
200811,64.6608004541584,27.5333522565995,7.80584728924212,0,0,,,,,,
200812,21.1893272778882,62.5319330116378,16.278739710474,0,0,,,,,,
200901,26.9798467215441,35.4101617939256,37.6099914845302,0,0,,,,,,
200902,11.5242690888447,9.21089980130571,78.7822878228782,0.482543286971331,0,,,,,,
200903,4.68350837354527,33.6361055918252,22.5376099914845,11.9500425773489,13.0570536474596,,,,,,
200904,0.709622480840193,8.23162077774624,39.5543570820324,39.6820891285836,11.8223105307976,,,,,,
200905,97.9562872551802,0.752199829690605,0.936701674709055,0.326426341186489,0.028384899233608,,,,,,
200906,98.8787964802725,0.823162077774624,0.298041441952881,0,0,,,,,,
200907,57.2239568549532,27.2495032642634,12.5603179108714,2.96622196991201,0,,,,,,
200908,14.5756457564576,27.0933863184786,47.1189327277888,5.20862900936702,3.47715015611695,,,,,,
200909,44.0391711609424,23.7297757592961,24.0278172012489,8.20323587851263,0,,,,,,
200910,76.5256883338064,15.6116945784842,6.07436843599205,0.950894124325859,0.723814930456997,,,,,,
200911,50.0283848992336,12.3190462673858,22.5234175418677,12.2764689185353,2.85268237297758,,,,,,
200912,32.8980982117513,19.8410445642918,27.4623900085155,11.8790803292648,7.26653420380358,,,,,,
201001,100,0,0,0,0,,,,,,
201002,100,0,0,0,0,,,,,,
201003,100,0,0,0,0,,,,,,
201004,100,0,0,0,0,,,,,,
201005,21.7570252625603,31.7059324439398,17.1160942378655,11.4816917399943,10.6869145614533,,,,,,
201006,0.042577348850412,7.22395685495316,26.6818052795913,28.4558614816917,19.4010786261709,,,,,,
201007,36.7868294067556,17.0309395401646,24.5671302866875,11.72296338348,7.19557195571956,,,,,,
201008,65.554924780017,19.4436559750213,11.1836502980414,3.03718421799603,0.780584728924212,,,,,,
201009,72.0266818052796,17.1870564859495,8.79931876241839,1.56116945784842,0.425773488504116,,,,,,
201010,78.2571671870565,9.12574510360488,12.2196991200681,0.397388589270508,0,,,,,,
201011,0.738007380073801,1.31989781436276,17.7547544706216,37.9789951745671,15.6400794777179,,,,,,
201012,4.72608572239569,7.09622480840193,26.5256883338064,23.3891569684928,33.4090263979563,,,,,,
201101,0,0,20.763553789384,52.1572523417542,21.6860630144763,,,,,,
201102,1.17797331819472,2.2140221402214,22.3247232472325,52.824297473744,11.793925631564,,,,,,
201103,0,3.64745955151859,5.00993471473176,2.65398807834232,5.77632699403917,,,,,,
201104,51.9585580471189,7.13880215725234,10.8288390576213,5.49247800170309,10.2469486233324,,,,,,
201105,10.133409026398,6.28725518024411,18.3508373545274,10.9707635537894,16.065852966222,,,,,,
201106,0,0,8.51546977008232,40.2072097644053,19.7842747658246,,,,,,
201107,78.1578200397389,13.4970195855805,8.34516037468067,0,0,,,,,,
201108,37.3261424921942,30.5705364745955,28.6971331251774,2.72495032642634,0.681237581606585,,,,,,
201109,7.38007380073801,21.5583309679251,53.1507238149305,8.65739426625036,7.62134544422367,,,,,,
201110,0,0.610275333522566,21.5583309679251,63.2273630428612,12.1061595231337,,,,,,
201111,94.4507521998297,5.5208629009367,0.028384899233608,0,0,,,,,,
201112,99.2194152710758,0.780584728924212,0,0,0,,,,,,
201201,8.51546977008232,26.6392279307408,51.0928186204939,12.6880499574227,0.908316775475447,,,,,,
201202,35.9920522282146,48.3110984956003,15.6968492761851,0,0,,,,,,
201203,3.54811240420097,19.5004257734885,56.0317910871416,17.1302866874823,3.78938404768663,,,,,,
201204,12.8583593528243,10.5591825149021,36.3610559182515,22.0266818052796,16.6477434005109,,,,,,
201205,6.20210048254329,12.4893556627874,34.8140789100199,16.789667896679,17.7831393698552,,,,,,
201206,75.4044848140789,14.8027249503264,8.92705080896963,0.794777178541016,0.070962248084019,,,,,,
201207,100,0,0,0,0,,,,,,
201208,83.0826000567698,9.39540164632416,6.64206642066421,0.879931876241839,0,,,,,,
201209,95.7706500141925,4.22934998580755,0,0,0,,,,,,
201210,10.8998013057054,12.6738575078058,35.9068975305138,19.9971615100766,13.6673289809821,,,,,,
201211,0.908316775475447,20.9196707351689,37.9506102753335,33.3380641498723,6.86914561453307,,,,,,
201212,54.9389724666477,34.0902639795629,10.9707635537894,0,0,,,,,,
201301,51.6605166051661,23.0627306273063,25.2767527675277,0,0,,,,,,
201302,34.3173431734317,26.5256883338064,35.5804711893273,3.57649730343457,0,,,,,,
201303,3.00879931876242,13.6531365313653,59.0122055066705,23.3891569684928,0.936701674709055,,,,,,
201304,0,14.1356798183366,42.6625035481124,10.928186204939,18.450184501845,,,,,,
201305,0,7.73488504115811,54.4990065285268,24.311666193585,12.8299744535907,,,,,,
201306,6.84076071529946,8.61481691739994,15.8245813227363,31.3369287539029,23.1336928753903,,,,,,
201307,87.6383763837638,8.95543570820324,3.40618790803293,0,0,,,,,,
201308,27.859778597786,20.3235878512631,41.03037184218,8.43031507238149,2.35594663638944,,,,,,
201309,81.6491626454726,16.1652001135396,2.18563724098779,0,0,,,,,,
201310,39.5969344308828,7.22395685495316,31.4078910019869,17.1728640363327,4.59835367584445,,,,,,
201311,86.687482259438,12.9577065001419,0.354811240420097,0,0,,,,,,
201312,76.4405336361056,18.2798751064434,5.27959125745104,0,0,,,,,,
201401,0,0,18.0811808118081,39.866590973602,24.5387453874539,,,,,,
201402,0,0,0.227079193868862,27.8739710474028,54.9247800170309,,,,,,
201403,29.3216009083168,18.237297757593,28.512631280159,8.8135112120352,11.9500425773489,,,,,,
201404,2.68237297757593,12.375816065853,61.4391143911439,14.4904910587567,8.68577916548396,,,,,,
201405,0,0,21.0190178824865,23.5310814646608,30.6982685211467,,,,,,
201406,19.7984672154414,6.68464376951462,7.79165483962532,8.40193017314789,12.3616236162362,,,,,,
201407,89.1995458416123,10.7862617087709,0.014192449616804,0,0,,,,,,
201408,100,0,0,0,0,,,,,,
201409,96.8634686346863,3.13653136531365,0,0,0,,,,,,
201410,63.3692875390292,7.26653420380358,19.5997729208061,7.50780584728924,2.25659948907181,,,,,,
201411,34.0334941810957,17.2438262844167,47.9279023559466,0.794777178541016,0,,,,,,
201412,45.8274198126597,11.8932727788816,15.3846153846154,16.5342038035765,7.76326994039171,,,,,,
201501,54.2435424354244,23.1620777746239,22.5943797899517,0,0,,,,,,
201502,71.8137950610275,11.9642350269657,14.7175702526256,1.50439965938121,0,,,,,,
201503,96.5938120919671,3.40618790803293,0,0,0,,,,,,
201504,94.067556060176,4.52739142776043,1.40505251206358,0,0,,,,,,
201505,91.9244961680386,8.0755038319614,0,0,0,,,,,,
201506,100,0,0,0,0,,,,,,
201507,96.4802724950326,3.36361055918252,0.156116945784842,0,0,,,,,,
201508,68.3650298041442,14.2776043145047,11.0417258018734,2.9378370706784,2.71075787680954,,,,,,
201509,99.6168038603463,0.383196139653704,0,0,0,,,,,,
201510,99.7871132557479,0.212886744252058,0,0,0,,,,,,
201511,93.2585864320182,6.45756457564576,0.283848992336077,0,0,,,,,,
201512,9.53732614249219,29.0235594663639,51.2631280158955,7.63553789384048,2.37013908600625,,,,,,
201601,97.2750496735737,2.71075787680954,0.014192449616804,0,0,,,,,,
201602,12.9009367016747,35.1972750496736,46.9344308827704,4.96735736588135,0,,,,,,
201603,47.4453590689753,13.6531365313653,19.0888447346012,6.35821742832813,10.7436843599205,,,,,,
201604,39.0860062446778,35.7791654839625,25.1348282713596,0,0,,,,,,
201605,8.72835651433437,14.7175702526256,45.7706500141925,21.6718705648595,8.48708487084871,,,,,,
201606,99.8864604030656,0.113539596934431,0,0,0,,,,,,
201607,79.8751064433721,14.9304569968777,5.19443655975021,0,0,,,,,,
201608,42.5631564007948,19.3585012773205,34.8282713596367,2.96622196991201,0.283848992336077,,,,,,
201609,88.9866590973602,11.0133409026398,0,0,0,,,,,,
201610,1.73147885325007,4.82543286971331,45.3590689753051,32.7419812659665,10.5875674141357,,,,,,
201611,0,1.29151291512915,26.1850695430031,40.2072097644053,30.4995742265115,,,,,,
201612,43.556627873971,38.0499574226512,16.1510076639228,1.95855804711893,0.283848992336077,,,,,,
201701,86.1481691739994,13.8518308260006,0,0,0,,,,,,
201702,90.3491342605734,9.01220550667045,0.638660232756174,0,0,,,,,,
201703,6.08856088560886,6.71302866874823,18.4785694010786,24.1413567981834,25.688333806415,,,,,,
201704,4.85381776894692,22.9066136815214,36.5171728640363,21.9841044564292,11.2404200965087,,,,,,
201705,63.6105591825149,26.341186488788,10.0482543286971,0,0,,,,,,
201706,20.0681237581607,31.6775475447062,37.3119500425773,8.8135112120352,2.02952029520295,,,,,,
201707,94.9191030371842,3.26426341186489,1.81663355095089,0,0,,,,,,
201708,33.4799886460403,23.1195004257735,24.382628441669,10.3179108714164,6.28725518024411,,,,,,
201709,24.6097076355379,12.9293216009083,35.9494748793642,12.1487368719841,9.60828839057621,,,,,,
201710,0,3.76099914845302,14.4337212602895,31.7059324439398,46.8776610843032,,,,,,
201711,0,0.141924496168039,30.1163780868578,37.1416406471757,20.9764405336361,,,,,,
201712,54.3996593812092,27.1501561169458,15.6258870281011,1.31989781436276,0.965086573942663,,,,,,
201801,0,3.00879931876242,39.5117797331819,29.4209480556344,21.7144479137099,,,,,,
201802,39.1427760431451,29.8751064433721,27.5617371558331,3.42038035764973,0,,,,,,
201803,3.94550099347147,10.1901788248652,21.7570252625603,30.9253477150156,20.0965086573943,,,,,,
201804,0,1.8450184501845,8.50127732046551,4.71189327277888,8.91285835935282,,,,,,
201805,3.17910871416406,3.57649730343457,7.80584728924212,14.9730343457281,34.9134260573375,,,,,,
201806,98.8220266818053,0.525120635821743,0.62446778313937,0.028384899233608,0,,,,,,
201807,68.96111268805,24.8793641782572,6.10275333522566,0.056769798467215,0,,,,,,
201808,89.2988929889299,8.4586999716151,2.22821458983821,0.014192449616804,0,,,,,,
201809,85.9210899801306,3.44876525688334,4.0448481407891,1.94436559750213,4.64093102469486,,,,,,
201810,100,0,0,0,0,,,,,,
201811,21.203519727505,30.1305705364746,39.8949758728357,6.20210048254329,2.31336928753903,,,,,,
201812,96.097076355379,3.16491626454726,0.738007380073801,0,0,,,,,,
201901,99.8864604030656,0.113539596934431,0,0,0,,,,,,
201902,100,0,0,0,0,,,,,,
201903,100,0,0,0,0,,,,,,
201904,55.0808969628158,28.5552086290094,14.4195288106727,1.05024127164349,0.752199829690605,,,,,,
201905,86.9997161510077,4.86801021856372,6.82656826568266,1.30570536474596,0,,,,,,
201906,1.33409026397956,17.8824865171729,34.7005393130854,8.92705080896963,10.7294919103037,,,,,,
201907,9.5657110417258,26.1850695430031,55.066704513199,7.30911155265399,1.75986375248368,,,,,,
201908,43.6133976724383,21.5441385183083,19.6991200681238,5.76213454442237,3.90292364462106,,,,,,
201909,99.1768379222254,0.823162077774624,0,0,0,,,,,,
201910,49.9432302015328,7.76326994039171,14.8736871984104,8.40193017314789,9.67925063866023,,,,,,
201911,100,0,0,0,0,,,,,,
201912,100,0,0,0,0,,,,,,
202001,69.5430031223389,29.5344876525688,0.922509225092251,0,0,,,,,,
202002,98.2117513482827,1.64632415554925,0.141924496168039,0,0,,,,,,
202003,100,0,0,0,0,,,,,,
202004,92.2651149588419,7.20976440533636,0.525120635821743,0,0,,,,,,
202005,89.6820891285836,6.45756457564576,3.86034629577065,0,0,,,,,,
202006,78.6261708770934,14.9304569968777,6.44337212602895,0,0,,,,,,
202007,1.44762986091399,25.6741413567982,62.4183934147034,2.15725234175419,1.34828271359637,,,,,,
202008,0,0,19.9545841612262,23.7013908600624,33.5793357933579,,,,,,
202009,0,0,1.16378086857792,3.6758444507522,27.4481975588987,,,,,,
202010,0,0,0,0,0.908316775475447,,,,,,
202011,0,0,4.18677263695714,8.30258302583026,45.9693443088277,,,,,,
202012,16.7470905478286,19.5004257734885,42.4921941527108,11.8506954300312,7.46522849843883,,,,,,
202101,63.894408174851,19.7842747658246,16.3213170593244,0,0,,,,,,
202102,1.60374680669884,31.0530797615669,26.2844166903208,12.2338915696849,13.2273630428612,,,,,,
202103,2.02952029520295,16.2929321600908,63.7524836786829,17.6412148736872,0.283848992336077,,,,,,
202104,0,3.60488220266818,34.4734601192166,24.2123190462674,30.8685779165484,,,,,,
